Datum;Anfang;Ende;Biomasse [MWh] Berechnete Auflösungen;Wasserkraft [MWh] Berechnete Auflösungen;Wind Offshore [MWh] Berechnete Auflösungen;Wind Onshore [MWh] Berechnete Auflösungen;Photovoltaik [MWh] Berechnete Auflösungen;Sonstige Erneuerbare [MWh] Berechnete Auflösungen;Kernenergie [MWh] Berechnete Auflösungen;Braunkohle [MWh] Berechnete Auflösungen;Steinkohle [MWh] Berechnete Auflösungen;Erdgas [MWh] Berechnete Auflösungen;Pumpspeicher [MWh] Berechnete Auflösungen;Sonstige Konventionelle [MWh] Berechnete Auflösungen
05.01.2015;00:00;00:00;674.258,25;269.184,75;62.518,5;2.833.298,25;132.232,5;22.171;1.858.456,25;2.397.488,25;1.126.027,75;252.197,25;184.310;1.271.084
12.01.2015;00:00;00:00;681.273,5;278.063,5;69.017,25;2.573.815;172.052;21.491,5;1.866.435,25;2.716.830,5;1.348.851,5;245.890,75;191.200,75;732.430,75
19.01.2015;00:00;00:00;680.983,5;272.720;30.118,75;438.210,25;97.128;23.099;1.908.721;3.134.065;1.993.436,75;498.103,75;211.981,75;1.564.101,5
26.01.2015;00:00;00:00;682.815,25;245.358,75;59.826;1.623.529;130.885,5;22.892,5;1.872.986;2.817.390,75;1.870.742;344.270;193.464;1.457.899,5
02.02.2015;00:00;00:00;682.961,25;227.826,25;55.713;1.255.805,5;254.386,25;22.850;1.874.212,25;2.809.255,25;1.940.197;506.887,25;189.596,75;1.505.073,25
09.02.2015;00:00;00:00;678.681;211.060,75;65.462,75;935.814,25;300.430,5;22.713;1.900.264,25;2.858.149,5;2.083.025,75;427.115,5;185.491,5;1.496.358,5
16.02.2015;00:00;00:00;668.638,25;208.700,5;81.507,75;1.323.239,5;385.706,25;20.088,75;1.861.752;2.692.688,25;2.017.689,25;362.473,5;189.178,25;1.425.267,5
23.02.2015;00:00;00:00;668.865,25;215.901;93.699,5;1.671.686,5;442.489,5;16.714,75;1.834.265,5;2.839.987,75;1.703.498,75;316.932,25;198.025,75;1.389.204,25
02.03.2015;00:00;00:00;669.914,75;239.995;119.150,25;1.983.999,75;620.975,25;17.588,5;1.803.758,25;2.904.910,5;1.486.819,25;283.523;202.157,25;1.195.165,25
09.03.2015;00:00;00:00;661.761,75;220.848,75;88.556,5;865.828,5;625.070,25;14.321;1.668.527,25;2.835.489,25;1.963.943,25;305.871,75;186.303,75;1.389.473,5
16.03.2015;00:00;00:00;664.829,25;224.449,5;71.062,5;951.816,75;820.167,75;16.624,5;1.627.021,25;2.843.533,5;1.759.954,75;315.841,5;221.179;1.290.577,25
23.03.2015;00:00;00:00;662.265,75;229.404;84.237,75;1.172.565;595.856,25;16.721,5;1.509.356,5;2.657.308,5;1.833.437;339.553,75;214.262,25;1.159.713,75
30.03.2015;00:00;00:00;670.887,75;294.999,75;113.830;2.376.099,75;728.685,5;22.175,75;1.588.590,25;2.290.702;773.310,25;261.173;188.932,5;925.058,5
06.04.2015;00:00;00:00;670.381,25;271.516,25;65.143,5;924.533,75;1.025.352,75;24.083;1.551.528,5;2.467.738,75;1.392.663,75;218.352,25;173.013,5;1.128.658
13.04.2015;00:00;00:00;661.982;297.125,25;111.871,75;1.195.978,5;1.127.336,75;19.058,75;1.612.232,75;2.369.342,25;1.369.095,25;193.097;203.061,25;1.012.499,75
20.04.2015;00:00;00:00;661.477,5;278.665,75;80.329,5;700.819,5;1.171.343,5;21.691,75;1.628.312;2.328.359;1.526.482,75;151.698,75;194.503,5;1.099.436
27.04.2015;00:00;00:00;667.536;316.900,25;90.049,25;793.740,5;877.957,75;21.960,5;1.589.458,75;2.146.989;1.393.235,75;177.545,5;195.375,25;971.332,25
04.05.2015;00:00;00:00;659.403,75;341.928,25;174.292,5;1.566.357,75;1.025.081;19.047,25;1.582.605,25;2.107.666,25;945.841,75;176.695;203.465,75;818.795
11.05.2015;00:00;00:00;659.281,25;351.958;132.687,75;1.093.919,75;1.106.705,25;17.600;1.600.175,5;2.047.739,5;680.891,5;200.256,75;199.398;812.800
18.05.2015;00:00;00:00;667.326,75;352.799,25;77.539,25;623.172;993.065;17.532,5;1.586.224,25;1.972.409,25;1.272.489,5;210.279,75;201.884;1.013.573,75
25.05.2015;00:00;00:00;672.372;346.273;147.356,25;1.130.152,25;951.270;17.499;1.506.702,25;1.969.059,75;1.149.876,25;204.564,5;213.203;912.329
01.06.2015;00:00;00:00;646.437;341.364,25;143.657,25;1.325.733,75;1.266.447,5;15.758,25;1.512.389,75;2.178.662,5;760.981,5;195.164,25;220.741;836.611,75
08.06.2015;00:00;00:00;640.159,5;341.470;88.098,25;637.418,5;1.041.933,75;18.396,25;1.497.759,75;2.273.396;1.403.511,5;194.292,5;199.731,5;1.111.758,25
15.06.2015;00:00;00:00;640.433;368.075,25;159.358,75;828.997,25;871.460,25;19.499;1.408.322,5;2.255.897,25;1.405.507;174.473,25;195.853,75;988.606,75
22.06.2015;00:00;00:00;639.558,5;358.154,5;82.666,75;736.738;982.844,75;19.721;1.441.022,75;2.387.962,75;1.584.853,5;167.861,5;191.527,75;1.075.462,75
29.06.2015;00:00;00:00;635.577;356.539;92.672,75;621.404,75;1.381.248;16.690;1.288.860,5;2.369.356,75;1.755.502,25;224.958,25;248.499;1.106.055,75
06.07.2015;00:00;00:00;636.154,75;332.496,5;176.806;1.349.211,5;1.175.823;15.872,25;1.075.109,5;2.397.572,75;1.323.917,25;217.478,75;185.084,25;924.642,25
13.07.2015;00:00;00:00;641.329,75;311.087,25;101.404,25;695.555,5;956.254,75;16.112;1.089.844,75;2.556.783,25;1.728.013,5;221.122;203.146,5;1.134.778,25
20.07.2015;00:00;00:00;629.588,5;302.448,25;153.661;1.140.263,75;1.098.871,5;16.662,25;1.116.674,25;2.504.630,25;1.406.793,5;358.226,75;175.692,75;1.046.079,75
27.07.2015;00:00;00:00;624.571;276.009;199.646;1.529.018,5;1.036.975;15.892,75;1.275.070;2.591.357,75;749.008,5;242.364,25;161.375;650.492
03.08.2015;00:00;00:00;619.820;281.653;78.805;647.859;1.233.964,5;14.832,25;1.359.844,5;2.638.781,75;1.389.896,5;188.404,75;186.087,25;737.413,5
10.08.2015;00:00;00:00;621.690,25;276.782,25;107.752,25;687.742,25;977.931,75;14.996,5;1.625.460;2.522.897;1.701.524,25;201.591;170.260,75;732.269,5
17.08.2015;00:00;00:00;635.370,75;283.767,5;140.088,5;641.819,5;903.339,75;14.202,5;1.741.652,5;2.717.992,75;1.421.727,75;167.774,25;164.338,75;788.487
24.08.2015;00:00;00:00;638.523,75;256.948,25;219.569,75;1.135.311,5;989.085,75;14.664,25;1.729.387,75;2.732.579,25;1.447.878,25;189.513,75;189.606,5;746.671,5
31.08.2015;00:00;00:00;639.526;275.748,25;291.155,5;1.482.360,5;789.398,25;14.036,75;1.707.666,75;2.442.280;1.704.337,25;194.898,75;193.293,25;860.688
07.09.2015;00:00;00:00;651.559,75;245.966,5;132.275,75;772.151;857.141,25;14.726,5;1.752.911,25;2.961.117,5;1.827.773,25;171.082,75;157.393;748.678,25
14.09.2015;00:00;00:00;651.918;251.384,75;232.950,25;1.550.531,25;620.422,25;13.864,75;1.735.940,25;2.904.451;1.432.579,25;198.045,25;157.004,5;1.416.948,5
21.09.2015;00:00;00:00;651.999;243.499;121.358,5;659.961;693.724,75;15.873,25;1.675.347,25;3.005.478;2.107.666,5;247.798,5;175.665,75;739.395
28.09.2015;00:00;00:00;652.615,5;219.963,5;29.339,5;675.684;969.224,25;15.749,25;1.560.740,75;2.990.173,75;2.166.439;199.829;201.055,25;948.325,5
05.10.2015;00:00;00:00;661.184,5;238.922,75;229.055;998.695,75;484.109,75;14.493,75;1.363.126,75;2.960.299;2.042.630,25;339.977,75;178.388,5;788.209,5
12.10.2015;00:00;00:00;666.781,75;231.223,5;290.308,5;526.612,75;276.830;15.622,25;1.344.729;2.830.416,5;2.449.787,5;497.366,75;199.810,75;1.039.630,5
19.10.2015;00:00;00:00;678.301,5;227.335,75;201.172;660.520;319.057,5;15.537,5;1.574.194;2.900.315,25;2.238.355,75;401.938,25;191.948,75;1.227.759,25
26.10.2015;00:00;00:00;673.252,5;205.533;148.272,5;706.768,75;416.775;16.094;1.798.131,5;2.878.440,25;2.017.910;459.080,25;183.582;931.703,25
02.11.2015;00:00;00:00;671.845;181.671,5;184.349;941.203;425.681;17.200,5;1.762.267;2.769.521,75;2.006.866,25;436.693,25;170.712,5;975.196,5
09.11.2015;00:00;00:00;668.419,5;172.703;404.426,5;3.007.517;258.359;12.527,5;1.712.865,5;2.276.714,25;1.385.551;348.664,5;182.579;841.684
16.11.2015;00:00;00:00;673.667,5;192.394;343.760,75;2.731.943,5;196.720,75;14.549,25;1.746.520,75;2.658.744,25;1.386.281,75;415.156,5;194.589,5;829.154,5
23.11.2015;00:00;00:00;676.569,75;209.646,25;314.344,5;1.943.214,5;156.702,25;19.676,75;1.749.325,75;2.657.228;1.984.359,75;599.601,25;197.156;1.026.164,25
30.11.2015;00:00;00:00;749.262,5;235.970;358.436,75;2.964.546;163.984,75;17.839,5;1.733.108,75;2.299.126;1.617.529,25;431.054,5;177.136,75;853.302,75
07.12.2015;00:00;00:00;780.607,75;203.042,25;232.506,25;2.006.270;210.738,25;20.145,5;1.770.293;2.705.558,5;1.957.861,25;460.652,75;175.263;849.777
14.12.2015;00:00;00:00;775.916,5;197.408,25;329.040,75;1.464.263,25;146.375;26.997;1.762.705,5;2.790.786,5;1.830.410,25;540.252,75;189.359,5;906.829
21.12.2015;00:00;00:00;776.803,25;179.432,5;418.089,25;3.283.382;219.947,25;22.626;1.648.847,75;1.961.996,75;422.861,75;257.537,75;176.258,75;624.348
28.12.2015;00:00;00:00;775.286,5;172.690,75;357.510;1.713.184;163.297,25;27.999;1.758.574;2.289.700,5;870.670,75;329.229;161.785;595.512,75
04.01.2016;00:00;00:00;769.328;212.753,25;392.546,25;1.644.864,25;133.618,25;30.191,25;1.768.812,5;2.596.689,25;1.860.220,5;473.400,5;165.386,25;884.034,25
11.01.2016;00:00;00:00;774.915,5;238.368,75;177.036,5;1.319.091;108.217,75;31.396,5;1.796.865,25;2.990.618;2.319.968,75;515.748,25;169.822,75;990.859
18.01.2016;00:00;00:00;773.447;219.170,5;238.463,5;927.380;137.017,5;31.733,75;1.795.500;2.918.455,25;2.432.090,25;922.435,75;206.675;1.043.408,5
25.01.2016;00:00;00:00;770.023,25;227.828,75;429.655,75;3.343.679,25;233.976;28.527,25;1.698.653,75;2.280.742;1.178.921;401.343;167.388,25;796.862,75
01.02.2016;00:00;00:00;787.249;283.662,75;373.757,5;3.004.070,25;207.178,75;26.755;1.749.410,25;2.339.044;1.149.364,75;346.309,5;189.516,5;822.432,75
08.02.2016;00:00;00:00;790.279,25;269.341,75;270.911,75;2.382.086,5;270.629;27.776,75;1.750.664;2.629.692,25;1.408.856,25;405.935,5;171.264,75;835.831,75
15.02.2016;00:00;00:00;786.016;271.533,75;280.815,5;1.653.068;254.223,75;28.336,25;1.747.566,25;2.712.647,75;1.843.555,25;469.711,5;166.695,5;916.434,5
22.02.2016;00:00;00:00;788.144,5;269.164,75;225.005,25;1.456.186,25;481.698;30.290,75;1.717.628;2.534.705,75;1.834.668;408.942,5;160.553,75;868.620,75
29.02.2016;00:00;00:00;789.106,75;331.876,5;168.326,75;1.284.300,75;341.970;32.624,75;1.768.296,75;2.558.353,5;1.953.916,5;347.943,5;159.248;956.203
07.03.2016;00:00;00:00;790.985,75;321.842;99.968,5;709.215;556.353,25;33.229,25;1.770.847,25;2.475.108,25;2.031.028,25;391.021,25;149.789,25;986.232,75
14.03.2016;00:00;00:00;788.752,5;295.584;168.266,75;975.850,25;683.674,75;32.697,75;1.755.142,5;2.667.150,25;1.847.325,75;344.136,75;143.397,25;945.202,5
21.03.2016;00:00;00:00;786.200,5;276.837,25;249.263,25;1.278.777,75;516.151,75;31.331,5;1.693.571;2.455.380;1.575.011;311.387,75;151.212,25;1.389.629,5
28.03.2016;00:00;00:00;790.695,75;318.117,5;225.611;1.512.195,75;730.938,75;28.925;1.615.706,25;2.241.925;1.248.273,25;271.608,75;151.299,5;1.022.583,25
04.04.2016;00:00;00:00;778.597,75;363.318,5;235.844,75;1.134.885;773.714,75;27.111;1.322.832,75;2.483.494,25;1.685.507,25;260.178,25;144.516;730.162
11.04.2016;00:00;00:00;783.547;364.525;186.078,5;999.486,5;774.388,5;28.147;1.105.009;2.592.764,5;1.578.978,5;307.063,75;155.966;786.788,75
18.04.2016;00:00;00:00;772.493;415.709,75;234.254,5;1.252.608,5;1.045.267,5;28.530,5;1.094.963;2.515.641,25;1.297.257;229.449,5;148.876,25;716.526,5
25.04.2016;00:00;00:00;768.897,25;378.911,5;181.436,5;1.559.491,25;934.577,5;27.984;1.092.003,25;2.488.121,75;1.667.151,25;257.705,5;157.388;834.893,25
02.05.2016;00:00;00:00;766.635,25;363.070,75;223.814,75;1.256.950,5;1.374.574;25.970,75;1.051.334;2.181.378,25;1.077.173;220.755,5;156.857,75;656.783,5
09.05.2016;00:00;00:00;757.557,25;425.256,5;348.893,75;1.919.194,5;1.074.496,25;24.889,75;1.079.410;2.125.545,25;1.034.380;232.627,5;180.330,25;651.426,25
16.05.2016;00:00;00:00;758.114,75;435.347,25;151.873,5;998.283;1.016.997;25.469,75;1.206.025;2.347.936,25;1.146.079,25;287.080,5;154.090,75;741.678,25
23.05.2016;00:00;00:00;749.884;470.353;116.420,25;568.368;840.230,25;24.815,5;1.077.532;2.417.653;1.493.411,25;327.554,5;130.173;816.588
30.05.2016;00:00;00:00;735.141,5;450.284;223.318,75;635.268,75;950.358;24.261,5;1.196.536;2.265.489,75;1.492.578,75;284.452,25;162.334;750.620,75
06.06.2016;00:00;00:00;733.072,75;449.932,25;120.660;529.682,25;1.223.665;22.234,75;1.414.622,75;2.256.866,25;1.500.603,5;217.219,25;128.768,25;691.645,25
13.06.2016;00:00;00:00;739.391;435.861,5;94.617,25;565.875,25;953.116,5;21.948,75;1.387.931;2.348.613,25;1.624.769,75;290.115,5;174.577,5;736.065,5
20.06.2016;00:00;00:00;727.259,75;443.839;124.802;799.052,25;1.225.440,5;21.502,25;1.449.789,75;2.064.816,75;1.573.461,75;254.433,5;196.912,25;801.265,5
27.06.2016;00:00;00:00;734.964;463.518,75;235.653;1.114.281;1.085.163,5;19.839,75;1.439.276,5;2.191.055,5;1.276.207,5;243.330,5;166.273;742.256,5
04.07.2016;00:00;00:00;729.813,25;470.381,75;261.532,25;1.303.068,25;1.314.154,75;17.965;1.478.224,5;2.290.831,25;998.843,75;236.603,5;186.424,25;669.904
11.07.2016;00:00;00:00;720.177,5;440.783,25;247.908,75;1.173.453;953.997,5;18.071,5;1.424.798,25;2.571.224,25;1.048.356;247.936,25;152.955;686.652,25
18.07.2016;00:00;00:00;718.313,75;479.804;83.878,5;422.501,5;1.231.435,5;18.303,25;1.319.495;2.473.509,25;1.651.295,25;293.361,25;160.395,25;846.235,25
25.07.2016;00:00;00:00;717.751;489.631,5;63.262,5;453.506,5;1.009.357,75;18.735;1.300.187,75;2.404.655,75;1.849.184,25;293.524,5;136.582,75;832.203,5
01.08.2016;00:00;00:00;735.400,25;469.970,5;246.260,25;1.017.612,25;936.636,25;21.598;1.346.868,25;2.283.199;1.285.140,25;283.850,75;139.265,5;710.172,5
08.08.2016;00:00;00:00;743.778,75;493.937,75;315.294,25;1.180.386,5;962.050,25;21.456,25;1.529.075;2.272.950,5;860.341;237.044,5;161.460,25;607.766,75
15.08.2016;00:00;00:00;732.693;463.649,25;107.780;548.840,25;1.110.125,75;21.347,5;1.704.814;2.395.654;1.251.072,25;376.740,75;160.838;682.093,5
22.08.2016;00:00;00:00;723.233,5;422.610,75;140.863,25;837.448,75;1.234.188,5;21.453;1.708.444,75;2.500.351,5;1.302.894,25;583.626;166.342,25;732.916,25
29.08.2016;00:00;00:00;730.842,25;401.131,25;154.149;797.673,25;1.001.795;20.644,5;1.621.728,5;2.470.479,75;1.478.424,75;523.328,5;171.915,75;871.717,5
05.09.2016;00:00;00:00;724.926,5;389.250;86.627,5;508.335,75;1.073.361;20.523,75;1.513.210,25;2.550.499,5;1.569.918;599.072,5;167.208,5;917.214,75
12.09.2016;00:00;00:00;724.474,75;362.077,25;192.031,75;1.022.903,75;856.623,25;22.318,75;1.520.646;2.507.180,25;1.490.913,25;583.026;151.923;859.834
19.09.2016;00:00;00:00;738.797,25;379.706;100.148,25;386.348,5;841.957;25.740,5;1.665.344,25;2.766.169,75;1.724.617,5;606.953,25;132.387,25;837.686,5
26.09.2016;00:00;00:00;738.664,75;315.609,5;272.702,5;1.389.091,75;686.698;24.287,25;1.752.633,5;2.472.555;1.317.126,5;509.516;165.367,75;1.098.752,75
03.10.2016;00:00;00:00;750.696;290.952,25;330.662;1.316.205,25;450.527,75;27.249,5;1.768.095;2.630.133;1.352.127,25;584.945,25;143.122;976.817
10.10.2016;00:00;00:00;752.268,25;250.561;385.996,25;1.122.768;437.161;27.395,25;1.768.422,5;2.691.027,25;1.595.375,75;584.279,75;170.341,75;1.099.850
17.10.2016;00:00;00:00;755.238,5;252.678;273.723,75;656.878,25;297.584;28.185,5;1.775.857,75;2.692.703,75;1.926.224,25;705.816,25;169.201,5;1.254.117,75
24.10.2016;00:00;00:00;763.889,25;275.896,25;278.833;938.724;297.268,25;29.019,5;1.761.320,75;2.693.676;1.661.196;620.590,5;169.476,75;1.303.520,75
31.10.2016;00:00;00:00;766.685,25;242.516,25;276.960,5;1.207.743,75;298.435,25;32.366,75;1.768.567,75;2.924.990,25;1.636.418,25;455.331,25;156.330,75;1.069.584
07.11.2016;00:00;00:00;767.397,75;291.324,75;215.155,75;695.656,75;207.812;33.169,75;1.766.649,75;2.913.504,5;2.085.936;792.877,5;177.634,75;1.276.477,5
14.11.2016;00:00;00:00;759.023,25;278.316,75;445.095,25;2.774.307,5;206.442,25;31.972,75;1.690.845,25;2.347.493;1.238.034;517.480,25;162.235,75;1.037.434
21.11.2016;00:00;00:00;769.307;287.185,25;240.754,25;1.275.803;194.098;32.786;1.717.021,25;2.686.581,25;1.901.479,75;659.438;175.238,25;1.221.994,75
28.11.2016;00:00;00:00;784.467,75;268.561;285.210,5;1.768.592,25;330.774;34.057;1.708.051,5;2.557.901,25;1.896.485;635.615,75;185.192,75;1.124.884,25
05.12.2016;00:00;00:00;797.938;263.069,5;306.836,25;1.997.628,5;205.212,25;32.471,25;1.674.748;2.643.297,5;1.765.235,75;694.446,75;190.974,5;1.163.951,75
12.12.2016;00:00;00:00;801.078,75;270.672,5;154.049,25;722.521,75;124.624,25;33.458;1.505.655,5;2.887.487,75;2.272.703,75;911.116,25;218.007,5;1.284.098
19.12.2016;00:00;00:00;797.717,75;255.237,25;374.668,25;2.172.452,5;123.099,5;32.922,5;1.273.840;2.305.270,75;1.532.518,75;730.385,5;201.499,75;1.088.329,25
26.12.2016;00:00;00:00;795.337,75;225.686,5;378.603,5;2.229.841,25;219.687,25;31.305,5;1.034.381;2.104.846,25;937.296,75;511.430,5;171.488;672.874,5
02.01.2017;00:00;00:00;796.736,75;191.479;343.176,75;1.952.035,25;102.160;31.766,75;1.147.196,25;2.526.111,75;1.937.060,75;696.826,75;194.649,75;254.335
09.01.2017;00:00;00:00;792.907,75;197.321;384.967,75;2.509.603,75;92.539,75;32.179,75;1.273.148,25;2.673.138;1.577.146;715.821,5;184.063;235.704,5
16.01.2017;00:00;00:00;799.356,5;196.408,75;96.540,75;573.221;233.904,5;33.602,25;1.305.072,25;2.796.985,75;2.715.262;1.037.672,75;232.845,5;273.738,5
23.01.2017;00:00;00:00;804.870,25;190.316,5;250.775;883.395,25;303.890,25;31.898,75;1.413.480;2.627.749,25;2.425.026,5;943.979,75;233.768;244.991,25
30.01.2017;00:00;00:00;822.692,25;235.419,5;335.220,5;1.125.896,5;216.361,75;39.308,75;1.367.599,75;2.594.615,5;2.394.129,25;747.327;186.278,75;242.858,25
06.02.2017;00:00;00:00;831.074,5;219.819;553.415,25;1.231.609;262.079;43.052;1.116.383;2.710.514;2.269.137,75;816.312,5;187.540,75;270.303,5
13.02.2017;00:00;00:00;833.062,25;191.412,5;386.986,5;1.303.358,25;530.583;42.974;1.098.462,75;2.863.166,75;2.086.734,75;677.483;184.065,25;255.621,25
20.02.2017;00:00;00:00;820.238,5;236.173,75;569.809,5;3.677.969,75;371.080;41.946,25;1.074.183,25;2.343.739,75;828.127;434.041,75;176.634,75;238.774,5
27.02.2017;00:00;00:00;811.757,25;244.619;419.312;2.807.062,5;539.491,25;38.906,5;1.140.180;2.499.849,5;859.073,75;439.670;201.205,25;233.366,25
06.03.2017;00:00;00:00;807.472,25;277.883,5;339.656;1.476.749,5;564.454,25;39.255,25;1.091.983,75;2.629.963;1.581.252,5;618.548;185.733,5;253.489,75
13.03.2017;00:00;00:00;810.401;277.929;444.853,5;2.199.001,75;681.593,5;38.717,75;1.092.843;2.504.245;1.188.702;440.006,75;184.379;242.497,75
20.03.2017;00:00;00:00;802.727,75;302.105,75;261.971,5;1.536.544,75;776.291,5;37.845;1.078.704;2.612.040,5;1.426.609,25;481.675,75;206.409,75;240.458,25
27.03.2017;00:00;00:00;796.012;275.513,25;210.065;991.890,5;1.083.750;34.748,25;1.067.687;2.784.582,75;1.303.144,75;431.837,5;181.441;227.521,5
03.04.2017;00:00;00:00;793.126,75;271.218,75;236.471,5;1.140.658,5;909.508,25;34.403,25;975.717,5;2.720.704,25;1.383.709,75;472.880,75;195.645;236.620
10.04.2017;00:00;00:00;796.572,25;241.412,75;513.291,75;2.487.500,75;806.220,25;34.834,5;1.010.210,25;2.383.462;679.919,25;332.074;185.805;225.561,25
17.04.2017;00:00;00:00;805.049,75;263.857,5;384.470,25;1.778.968,75;870.262,25;40.295,5;1.197.169,5;2.473.763,5;962.049,75;403.290;181.087;236.372,25
24.04.2017;00:00;00:00;801.650,75;303.965,75;230.185;1.114.430,5;991.382,5;39.468;1.277.373,25;2.565.768,75;1.268.822,25;482.966,25;196.672,5;242.250,75
01.05.2017;00:00;00:00;793.770,5;313.353,25;438.100;1.444.861;779.080,75;36.186;1.287.654,75;2.516.705;1.055.232,5;415.796,5;153.516;230.034,5
08.05.2017;00:00;00:00;777.086,75;342.011;258.208,25;749.819,75;1.071.501,25;36.772,25;1.252.767,75;2.433.375;1.475.250;433.106;179.200,75;227.256,25
15.05.2017;00:00;00:00;768.309,25;358.011,75;221.504,5;789.852;1.264.787,75;31.477,25;1.269.765,25;2.500.496;1.277.090,75;390.811;172.480,5;214.673,75
22.05.2017;00:00;00:00;771.819,25;342.554,25;194.046,25;981.570,75;1.432.583,75;31.426;1.295.602,75;2.372.333,25;940.179,5;281.810,75;194.358,25;217.711
29.05.2017;00:00;00:00;752.394;368.781,5;144.686,5;889.950,5;1.292.684;29.218;1.383.611,75;2.357.382;1.266.346,25;474.696,5;187.713,5;200.372,75
05.06.2017;00:00;00:00;751.206,75;366.875,75;413.902,75;1.619.223,75;1.246.725,25;27.749;1.496.943,75;2.245.028,75;478.706;271.340,5;205.806,5;209.036,25
12.06.2017;00:00;00:00;751.720,5;347.018,75;308.679,5;1.518.294,75;1.333.798,5;27.580;1.491.308,5;2.355.891,5;732.300;335.359,5;199.104;200.547,75
19.06.2017;00:00;00:00;745.298;325.422;291.705,5;1.339.536,75;1.325.076,75;27.206,75;1.456.892,75;2.405.758;1.187.206,75;441.742,5;189.905,75;194.246
26.06.2017;00:00;00:00;747.369,5;346.456;291.086,25;1.492.316,5;957.285,5;27.231,5;1.487.087,75;2.459.424,75;936.206,5;452.620,5;176.245,75;197.368
03.07.2017;00:00;00:00;741.260,75;332.565,75;123.702,25;719.021,75;1.345.220;26.271,75;1.371.447;2.430.380,5;1.275.080,5;544.349,75;158.286;202.304,25
10.07.2017;00:00;00:00;741.454,5;341.858;200.338,25;916.154,25;1.027.350;27.201,5;1.080.997,75;2.413.344,25;1.026.659;571.870,75;153.205,5;223.281,25
17.07.2017;00:00;00:00;740.061;328.085;226.780,5;828.482,5;1.246.896;26.164,75;1.066.331,75;2.282.544,75;1.113.863;551.597,75;130.540,25;211.151,75
24.07.2017;00:00;00:00;741.894,75;358.047;245.245,25;1.465.626;867.218,5;26.919,75;1.187.435;2.260.182,5;880.536;388.028,75;155.746,5;207.359,5
31.07.2017;00:00;00:00;735.521;360.227,25;333.923;1.256.901,25;1.087.647,25;28.786,25;1.494.257,25;2.392.862,25;645.362,75;320.380,25;168.512;203.862,25
07.08.2017;00:00;00:00;742.471;355.160,25;220.739,5;978.913,5;864.309;30.175,75;1.494.920;2.523.807;707.783,25;335.248,25;152.399,25;208.144,25
14.08.2017;00:00;00:00;745.816,25;366.760,5;335.453;1.114.530,25;1.089.972;29.713,25;1.654.425;2.432.911;675.354,25;258.973;165.758,25;193.203,75
21.08.2017;00:00;00:00;749.650,5;336.506,25;183.419;672.562,75;1.149.029,5;29.809,25;1.698.795;2.642.501,5;1.176.773,25;213.494,25;157.593,25;195.103,25
28.08.2017;00:00;00:00;736.600,25;327.078,5;94.677;545.853,25;924.922;30.236;1.615.513;2.657.838,75;1.472.291,25;289.933,25;149.075,5;215.467,25
04.09.2017;00:00;00:00;736.709;365.279,75;302.869,5;1.697.077;755.145;31.274,25;1.460.871,25;2.332.134,25;998.753;260.223,75;176.326,75;226.622,25
11.09.2017;00:00;00:00;659.794,75;359.597,25;359.244,5;2.545.452,5;687.112,5;30.262;1.465.606,25;2.234.234,75;836.341,25;229.458,75;182.206,5;230.374
18.09.2017;00:00;00:00;640.414;350.333;97.620;318.201,75;729.896,75;27.741,5;1.494.765,5;2.633.372;1.896.725,25;503.095,25;167.004,25;234.992
25.09.2017;00:00;00:00;743.458,25;312.639,25;298.319,25;793.069,25;664.540,5;29.813,25;1.559.737,25;2.512.186,5;1.564.577,75;571.668,5;193.142,25;238.862,75
02.10.2017;00:00;00:00;737.200,25;334.604,5;670.650;3.322.766,5;460.889,5;31.520;1.654.215,25;2.001.494,5;358.191;307.846,5;185.579,5;215.578,75
09.10.2017;00:00;00:00;743.094;304.388,5;462.550,75;1.996.837,75;572.741,75;33.146,75;1.698.012;2.419.995,75;1.206.280,5;392.411,75;204.859;229.748
16.10.2017;00:00;00:00;740.837,75;257.888;384.646,75;1.436.323;572.408,5;31.169;1.694.225;2.626.728,25;1.461.984;547.869;188.624;240.934,5
23.10.2017;00:00;00:00;748.898,25;270.136,25;493.792;2.890.857,75;310.434,25;32.938;1.586.061,75;2.284.533,5;1.027.283;479.773,25;171.761;205.526,25
30.10.2017;00:00;00:00;770.672,75;276.076,25;423.695,5;1.708.921,75;348.576;36.455,25;1.697.153;2.442.414;1.024.015,75;477.631,5;149.906,5;255.372,75
06.11.2017;00:00;00:00;780.067,5;312.777;374.739,5;1.559.594,75;147.885,25;37.302,75;1.480.233,25;2.712.144,75;1.514.554,5;713.182,5;198.205;265.221,75
13.11.2017;00:00;00:00;805.338,75;330.208,5;409.626,75;1.891.574,25;200.166,25;37.327,25;1.550.838,5;2.493.843;1.595.176,75;643.664;184.695,5;258.540,25
20.11.2017;00:00;00:00;804.883,25;296.632,75;396.234,5;2.773.917,5;180.928,5;37.409,25;1.690.434,25;2.589.866;1.339.894;517.446,5;191.129,25;249.037,5
27.11.2017;00:00;00:00;807.993,25;297.590;343.670,25;1.650.188,75;128.244,5;39.005,75;1.708.575;2.809.475;1.702.702,5;739.087;184.866;261.520
04.12.2017;00:00;00:00;808.815,75;265.161,75;588.362;3.844.374,5;115.468,75;39.094,25;1.657.282,75;2.450.947,75;935.973,5;520.958,25;122.829,5;235.055,5
11.12.2017;00:00;00:00;809.905;310.222,5;411.808,5;2.696.291,75;126.997,5;38.825,25;1.691.586,75;2.584.805,25;1.307.936,5;552.869,5;138.550,25;256.460,25
18.12.2017;00:00;00:00;809.412,75;308.672,75;293.608;2.052.157,25;69.264,25;36.539,25;1.603.383,75;2.259.469,25;1.536.848,25;656.913;151.644;247.659
25.12.2017;00:00;00:00;806.231,5;277.321;563.617,5;3.644.681,75;135.550;34.676;1.551.922,75;1.587.169;345.810,75;267.807,25;126.538,5;220.733
01.01.2018;00:00;00:00;811.286;301.512;359.618,75;3.429.123;132.714;34.536,75;1.444.480;2.169.153,75;780.882,5;690.624;257.734,75;228.933
08.01.2018;00:00;00:00;814.414,5;316.913,25;380.354,25;1.734.794,75;174.357,5;38.731,25;1.561.154,5;2.840.003;1.519.970,5;1.152.305,5;210.723,25;233.382
15.01.2018;00:00;00:00;811.060;321.303,75;413.338,5;2.957.745,75;143.341,75;38.380;1.553.483;2.682.881;1.022.377,75;863.799;215.060;228.695,25
22.01.2018;00:00;00:00;809.616,5;314.217,25;461.701,75;2.577.433,5;175.229;36.583,75;1.493.647;2.466.906,75;1.427.587,25;957.925;201.398,75;233.325,5
29.01.2018;00:00;00:00;814.644,75;312.273,5;532.774,75;2.791.140,75;226.453,25;39.037,75;1.530.605,5;2.554.589,5;1.276.651,75;986.323,5;168.402,5;226.150,5
05.02.2018;00:00;00:00;812.579,5;301.618,25;328.791,75;1.103.151;322.748;40.372,75;1.570.162;2.806.646;2.135.703,75;1.493.749,25;210.663,25;203.431
12.02.2018;00:00;00:00;818.263,5;288.978;426.726,5;1.666.187,25;455.108,5;40.226,25;1.559.494,75;2.655.616,5;1.921.077;1.168.867,5;174.513;214.984,25
19.02.2018;00:00;00:00;817.145;289.138,5;238.897;1.630.445;642.842;40.409,75;1.497.700,25;2.879.761,25;2.098.043,5;1.305.121;191.333,25;220.017
26.02.2018;00:00;00:00;807.524;250.432,75;667.923,75;2.701.384,25;677.917,75;39.505;1.349.466;2.824.115,25;1.894.371,5;974.937,5;192.915;208.338,25
05.03.2018;00:00;00:00;796.175,75;254.678,75;319.580,25;1.666.441,75;543.253;37.184,75;1.343.797,25;2.731.635,5;1.874.116;989.850;181.138;218.351
12.03.2018;00:00;00:00;782.117,5;280.780,75;321.180,75;3.205.830;465.601,75;36.592,25;1.305.541,5;2.155.195,5;1.365.992,5;758.207,75;203.943,25;204.315,25
19.03.2018;00:00;00:00;740.119;236.218;262.782;1.142.738,25;758.693,5;37.150,5;1.444.480,5;2.689.987;2.317.856,75;1.109.266;228.944;201.465,5
26.03.2018;00:00;00:00;787.195;251.346,25;353.517,25;1.621.960,75;619.804,5;37.661,5;1.498.377;2.370.146,5;1.526.259;861.274,75;181.977,25;209.790,25
02.04.2018;00:00;00:00;781.960,25;289.718;392.146,5;2.212.175,25;1.157.753,25;35.499;1.295.587,25;2.278.633,5;774.888,5;528.020,25;189.696,25;213.911,75
09.04.2018;00:00;00:00;752.354,25;315.851;450.127;1.649.607,25;978.456;31.136;1.271.723;2.605.257,75;1.168.401,5;503.380,5;200.929,5;209.810,75
16.04.2018;00:00;00:00;742.488,5;353.252,25;249.957;682.107,75;1.343.988,75;31.289;1.215.553,75;2.571.655,5;1.445.041,75;584.538;192.047;216.873,5
23.04.2018;00:00;00:00;718.723;381.081,5;376.596,25;1.904.513,25;1.131.323,5;31.914,5;1.069.081;2.325.048;672.515,5;464.167,25;205.163,25;212.944
30.04.2018;00:00;00:00;778.547,75;372.533;275.348,25;1.909.132;1.296.594;32.071,75;1.071.650,25;1.928.251,25;806.336,75;474.056;193.001;186.337,25
07.05.2018;00:00;00:00;766.048;376.551,5;310.355;1.277.473,25;1.377.515,75;31.003,75;1.211.515,75;2.196.941,5;569.054,25;415.884;193.607;188.743,5
14.05.2018;00:00;00:00;761.827;392.614,25;290.624,25;1.347.614,75;1.177.174,75;31.538,5;1.086.782,5;2.291.438,25;888.545,75;496.042;207.880,75;199.214,75
21.05.2018;00:00;00:00;756.340;376.335;365.389,75;1.367.340,5;1.390.267,25;31.211;1.032.444,5;2.395.503,25;855.544,5;464.181,75;182.437,5;193.710
28.05.2018;00:00;00:00;723.550,5;378.820,25;184.119;795.687;1.347.797,25;29.848;1.079.765;2.591.087,5;1.110.311,75;492.334,25;157.918;181.530,75
04.06.2018;00:00;00:00;732.327,25;378.496,25;116.119;717.068,75;1.399.058;27.330,25;1.088.635,5;2.650.606,75;1.420.013,75;553.907,25;155.942,75;177.044,5
11.06.2018;00:00;00:00;755.341,75;404.789,75;306.277,5;844.113,75;1.114.458,75;27.390,75;1.322.112;2.691.654,5;1.181.549;669.707,25;140.838,5;162.325,25
18.06.2018;00:00;00:00;747.187,75;387.018,75;507.531;1.887.309;1.152.929,75;27.961;1.504.565,5;2.328.495,5;664.535,5;530.296,25;176.120,75;138.938,25
25.06.2018;00:00;00:00;756.979,75;346.583,5;195.395,75;1.163.853;1.420.444;27.167,75;1.524.017,75;2.592.527,5;984.782,75;627.303,75;149.421,5;139.365
02.07.2018;00:00;00:00;759.540,5;353.156,75;200.970,5;968.191,25;1.489.805,25;25.984,5;1.519.290,75;2.625.962,75;1.241.156,75;602.289;148.895,25;151.993,25
09.07.2018;00:00;00:00;736.176;323.151,25;216.914;817.574;1.245.073,25;26.085;1.459.003,75;2.708.474,25;1.426.112,75;822.709,75;101.566,75;159.941,5
16.07.2018;00:00;00:00;702.830;293.496,5;74.638,25;682.418,25;1.326.859,75;25.778,75;1.281.193,5;2.725.405,75;1.490.710,5;834.904,25;77.011,25;166.484,75
23.07.2018;00:00;00:00;695.785;297.657;195.435,5;719.240,5;1.435.618;25.245,75;1.270.139;2.472.523,75;1.548.620,5;835.047,5;135.258,75;243.787,25
30.07.2018;00:00;00:00;709.531,5;287.608,5;94.413,75;689.605;1.387.978,5;24.231,75;1.437.397,5;2.489.333,5;1.443.112,25;582.425,75;131.796;216.896,75
06.08.2018;00:00;00:00;724.705;269.113,5;307.287,25;1.451.878,5;1.310.188,5;24.081,5;1.449.182,5;2.452.466,5;935.597;773.255,5;150.747,25;238.949,5
13.08.2018;00:00;00:00;733.761;263.725,75;244.717,5;936.775;1.186.041;24.479,25;1.486.669,25;2.438.121,25;1.089.959,25;771.890;123.155,75;238.107
20.08.2018;00:00;00:00;744.658,5;286.298;251.597,25;1.030.895;1.064.529,5;24.727,5;1.508.492,25;2.517.245,75;1.343.573,25;619.492,25;159.819;250.690,5
27.08.2018;00:00;00:00;743.979,75;297.776,25;230.878,5;1.323.124;849.404,75;24.344,75;1.439.179,25;2.475.817,75;1.560.372,25;751.040,5;132.663,75;276.310,5
03.09.2018;00:00;00:00;740.575,25;303.273,25;241.783,5;837.644,5;977.953,75;23.697;1.306.862,25;2.501.114,5;1.623.934;866.426,5;168.144,5;272.579,75
10.09.2018;00:00;00:00;729.157,25;265.269;430.382,75;999.678;948.892;24.024,75;1.303.532;2.435.308,5;1.625.772;730.701,25;157.994;264.007,5
17.09.2018;00:00;00:00;691.817;237.971,75;538.871,75;2.219.013,5;902.742,25;24.520;1.296.989;2.315.027,75;1.159.317;559.262,75;209.548,25;269.252,75
24.09.2018;00:00;00:00;741.665,5;248.496,75;559.209,75;1.823.897,75;1.039.168;25.252;1.315.661;2.491.829,5;1.144.680;563.278,25;170.578;273.531
01.10.2018;00:00;00:00;769.727;248.891,5;434.617,5;2.033.196,5;703.588;23.800,5;1.305.142,25;2.088.270,75;1.624.319;669.495,25;175.430,25;291.653,75
08.10.2018;00:00;00:00;716.207,75;220.752;537.961,75;1.542.414,75;894.240;23.545,5;1.293.371;2.302.502,25;1.723.825;844.901,5;182.084,75;284.561,5
15.10.2018;00:00;00:00;756.670,5;209.166;167.734,75;563.878,25;711.351,25;24.213,75;1.318.353,75;2.663.846,25;2.188.623;1.188.030,5;168.355,5;271.701
22.10.2018;00:00;00:00;803.589,5;204.977,75;606.953,75;3.088.344,75;301.433,75;24.520,25;1.280.236;2.556.946,75;1.105.674;768.518,25;164.400,25;251.052,5
29.10.2018;00:00;00:00;809.798,25;254.101,25;510.098,5;2.214.821,75;317.658;25.036,25;1.312.340,25;2.468.729;1.210.318,25;850.925,5;164.200,5;286.192
05.11.2018;00:00;00:00;811.338,25;222.066,75;472.163,5;1.697.371,75;354.455,75;25.326,25;1.422.984,5;2.458.284,75;1.627.449,75;1.169.994;155.283,75;296.707,5
12.11.2018;00:00;00:00;815.718;216.885,75;410.862,5;2.005.994,75;384.804;25.481;1.489.431,5;2.502.502;1.733.741;996.415,75;140.224;287.938,75
19.11.2018;00:00;00:00;824.935;230.874,25;443.067;1.950.650,25;146.049,5;25.473;1.544.399,25;2.463.114,25;1.979.577,25;1.341.001,75;172.335,75;300.085,75
26.11.2018;00:00;00:00;795.818,25;206.326;595.442,5;2.525.397,5;141.286,75;24.938;1.539.151,5;2.372.515,75;1.574.659;1.257.842,75;177.284,75;304.165,5
03.12.2018;00:00;00:00;772.362,5;229.534,5;674.104,25;3.938.303,75;133.638,75;23.395;1.454.146,25;1.949.824,5;1.015.333,75;923.642,75;194.454,5;290.683
10.12.2018;00:00;00:00;801.628;261.094,5;495.783,5;2.038.513;106.091,75;22.822;1.565.329,5;2.556.971,25;2.054.663;1.407.770;206.238,75;304.281,25
17.12.2018;00:00;00:00;821.095;230.951,25;449.016,5;2.609.687,25;99.841,25;22.393,75;1.552.443;2.247.676,5;1.430.140;1.117.113,5;196.552,25;305.998,75
24.12.2018;00:00;00:00;823.820,5;285.932,5;540.512,25;2.398.788,75;140.437,5;22.756,75;1.541.371,25;1.549.175,5;822.366;816.253,25;184.396;293.975,75
31.12.2018;00:00;00:00;813.252,75;241.800,25;492.364,25;2.931.516,75;101.294,25;21.408,25;1.486.033,5;1.975.320,5;1.138.946;927.983,25;150.143;282.820
07.01.2019;00:00;00:00;815.611,25;260.883,25;607.799;3.879.046,75;66.190,25;26.590,5;1.531.392,75;1.917.823,75;1.370.116,75;1.143.245;179.184;285.558
14.01.2019;00:00;00:00;816.159;274.463,25;479.686,25;3.127.822;255.614,5;33.693,75;1.536.333;2.170.848;1.703.107,5;1.238.530,5;169.506,5;263.396,5
21.01.2019;00:00;00:00;824.388,5;273.072,25;392.774;1.532.488,75;182.533;33.560,25;1.587.707,25;2.576.544,5;2.160.788;1.628.814,5;237.283,25;279.820,5
28.01.2019;00:00;00:00;815.224,75;241.490;486.981,75;1.817.401,25;208.708;33.093,25;1.581.023,75;2.546.771;2.127.720,25;1.483.965,5;202.374,5;277.994
04.02.2019;00:00;00:00;814.149,75;231.035,75;625.342,75;3.680.889,5;312.415,5;31.271;1.499.709,5;1.957.056;1.228.518,75;1.099.905;184.006;273.767
11.02.2019;00:00;00:00;820.358,25;254.493,5;552.361,25;2.189.061;637.850,25;31.657,75;1.553.123,25;2.557.851,25;1.362.449;1.106.963,75;177.746;316.740,5
18.02.2019;00:00;00:00;821.639,75;260.469,25;464.373,75;1.729.957,5;639.838,5;32.110,75;1.566.719,75;2.735.128,5;1.335.297,75;1.057.638,75;162.425,25;327.618,5
25.02.2019;00:00;00:00;813.504,75;286.563,25;311.044,5;1.823.253;656.914;30.966,5;1.517.198,25;2.374.724,5;1.201.491;969.877,25;186.267,5;297.774
04.03.2019;00:00;00:00;802.880,25;299.631,75;706.291,75;4.716.477;494.391,5;29.942,25;1.472.258,25;1.362.181,25;485.654,75;757.387,5;202.943,75;302.809,5
11.03.2019;00:00;00:00;778.060,5;320.765,75;761.427;4.907.190,25;483.992,5;29.812,5;1.513.965,25;1.269.413,5;490.782,75;649.141,25;222.074;231.914
18.03.2019;00:00;00:00;803.928;323.974;435.153;1.451.506;1.020.195,25;30.258,5;1.563.561,25;2.417.528,5;1.011.723;1.009.871,75;178.366,5;246.625
25.03.2019;00:00;00:00;803.508,75;292.472,75;432.277,25;1.528.279,75;937.665;30.224,5;1.545.245,5;2.394.371,75;738.058;887.468,75;163.001,5;244.017,75
01.04.2019;00:00;00:00;807.244,75;311.620,75;277.255;1.323.572,5;1.056.023;29.053;1.567.133,5;2.498.042,5;1.013.497;990.438;203.819;217.138,25
08.04.2019;00:00;00:00;763.382,5;301.817,25;392.256,75;1.442.448,5;946.070;31.147,25;1.521.449,5;2.546.050,25;1.152.629;1.053.982,25;170.861,75;257.690,25
15.04.2019;00:00;00:00;800.448,75;280.913,25;518.726,5;1.815.750,5;1.598.342,75;28.060;1.263.788,25;1.927.620,75;514.357,25;738.619,75;189.577;256.751
22.04.2019;00:00;00:00;789.473,5;338.155,25;462.011,75;2.337.935,5;1.211.009;25.230,75;1.019.872,5;1.470.787;451.700;603.016,25;169.143,5;223.748
29.04.2019;00:00;00:00;798.873,75;334.714,5;495.736;1.658.192;1.047.969;27.782;1.102.519,75;1.788.092,25;745.129,75;740.482,75;159.057;260.273,5
06.05.2019;00:00;00:00;793.955;338.594,25;376.485,5;1.570.949,5;1.006.663;28.421,75;1.107.860,75;2.170.359;983.662,25;825.521,5;166.835,75;256.443
13.05.2019;00:00;00:00;794.192,25;325.615,5;259.171,75;1.261.385,25;1.331.034,75;25.503;1.041.353,5;2.164.352,5;888.849,75;743.653;134.483;249.579,75
20.05.2019;00:00;00:00;790.343,5;354.110,75;391.218,5;1.456.506,75;1.121.336,25;21.631;890.260;2.001.799,25;735.679;766.644;155.919,5;237.054,75
27.05.2019;00:00;00:00;771.767,25;384.995,5;415.965,25;1.084.570;1.316.058,25;23.596;1.148.844,75;1.521.591,25;513.405,5;671.488;173.305,75;225.133
03.06.2019;00:00;00:00;758.725;371.941,25;400.041;1.684.405,25;1.469.560;20.429;1.099.810,5;1.476.397,75;618.676;749.693,25;185.765,5;208.686,25
10.06.2019;00:00;00:00;766.134,25;338.180,5;372.047,25;1.114.626,5;1.239.113,25;20.542;876.077,5;1.663.103,25;676.238,75;875.164,5;166.760,25;166.041,25
17.06.2019;00:00;00:00;759.516;373.244,75;170.840,5;839.384,25;1.486.475,75;20.350;1.036.990,75;1.924.362;643.065,5;987.956;165.700,25;205.247,75
24.06.2019;00:00;00:00;736.553;382.929,25;423.596,25;1.258.906;1.759.130,5;21.037,25;1.199.799;1.587.062,25;553.923,25;945.879;207.105,25;216.135,5
01.07.2019;00:00;00:00;751.461,5;382.014,75;645.048,5;1.740.917,75;1.415.280;22.680,25;1.273.803,25;1.385.827,75;458.314;930.552,5;161.630,5;202.415,75
08.07.2019;00:00;00:00;725.324,25;373.053,25;258.763,5;861.661,5;1.104.288,25;24.218;1.368.595,75;1.880.704;719.997,25;1.037.327,5;143.584,25;192.715
15.07.2019;00:00;00:00;710.488;337.472,5;276.278,25;878.586,25;1.307.010,25;23.831,75;1.182.470;2.044.372,25;758.956,75;1.123.302;138.886,75;203.978,25
22.07.2019;00:00;00:00;676.534,75;328.339,5;437.962,75;1.108.769;1.460.921,75;22.622,75;1.069.270,75;1.987.744,75;928.109;1.151.560,25;156.576;195.238
29.07.2019;00:00;00:00;698.132;353.913,75;124.194;488.820;1.169.755;24.179,25;1.268.566,25;2.016.453,5;757.983,25;1.230.905,25;125.938;225.129,25
05.08.2019;00:00;00:00;687.462,75;350.321,75;464.097,5;1.523.503;1.118.172,75;23.689;1.157.694;1.694.563;578.898,75;1.057.213;141.940,25;259.173
12.08.2019;00:00;00:00;698.455;364.780,75;451.020,5;1.551.766,5;1.042.313,75;23.481,25;1.196.863,75;1.416.596,75;414.450;950.890,25;148.707,5;272.813,5
19.08.2019;00:00;00:00;728.064,25;377.957,25;306.390,75;764.381,75;1.300.596,25;22.142,75;1.290.781;1.827.008,75;506.117,25;1.019.869,25;184.429,25;234.971
26.08.2019;00:00;00:00;689.724,5;330.564,5;192.678,75;651.083,25;1.230.211,75;24.394,75;1.290.506;2.085.664,5;1.057.903,25;1.184.748,75;183.284,5;248.037,25
02.09.2019;00:00;00:00;719.287,5;332.832;529.058,5;1.250.664,75;968.408,75;24.599,75;1.304.944,75;1.763.248,5;474.597,75;1.175.670;153.826,5;240.179
09.09.2019;00:00;00:00;704.782,5;326.501,25;473.723,5;1.458.684;1.029.321,25;26.848,75;1.291.565;1.807.221;514.980,5;1.087.902,5;139.740,75;237.708,5
16.09.2019;00:00;00:00;690.438,75;257.792,75;407.917;1.531.886,25;1.088.203;27.828;1.313.216;1.938.199,75;704.398,5;1.216.989;135.953,25;243.228,25
23.09.2019;00:00;00:00;685.393;254.517,5;473.486,75;1.995.179,5;597.706,25;27.234,75;1.491.651;1.856.241;699.519,5;1.155.578;176.512;258.578,25
30.09.2019;00:00;00:00;729.007,25;256.395,5;529.415,5;2.351.756,25;517.961;29.671,75;1.528.809;1.573.964,25;565.511;1.228.565,5;157.714,75;262.584,75
07.10.2019;00:00;00:00;766.399;299.904,75;743.046,75;3.063.670;594.235,25;28.707,5;1.478.402,25;1.691.269;545.679,25;1.052.485,25;173.120,75;272.625,5
14.10.2019;00:00;00:00;794.389;268.704,5;506.460;1.929.057,5;589.504,75;28.279,5;1.536.630,25;2.060.985,5;741.739;1.445.595;189.414,5;261.366,5
21.10.2019;00:00;00:00;802.264,25;263.437,25;533.600,25;2.091.202,25;509.918,5;29.524,75;1.515.043,5;1.921.939,25;981.658;1.294.908,75;215.384,25;246.451,75
28.10.2019;00:00;00:00;803.205,5;264.046,5;388.468;1.665.367,25;426.732,75;34.637,75;1.547.731,25;1.948.865,75;1.126.410;1.289.920,75;154.071,25;291.703,75
04.11.2019;00:00;00:00;770.569;289.635,25;294.893,5;1.025.845,75;298.205,75;33.600,75;1.555.902,5;2.444.908;1.522.196,5;1.355.174,5;171.408;285.713,5
11.11.2019;00:00;00:00;804.748,75;264.775;632.858,5;2.120.884;254.766,25;30.887,75;1.550.036,75;2.404.674,5;1.518.225,25;1.241.872,25;144.976,75;271.002,5
18.11.2019;00:00;00:00;820.370;272.628;594.432,25;1.580.100;224.245,25;33.528,5;1.389.976,75;2.433.644,75;1.627.619;1.338.384;176.475,25;253.879,5
25.11.2019;00:00;00:00;822.478,25;251.448,75;471.519,75;2.176.523,75;177.955,5;33.455,75;1.522.080,25;2.509.828,75;1.423.053;1.134.465,75;165.673,5;265.854
02.12.2019;00:00;00:00;824.125,5;248.785,75;791.496,5;3.142.240,75;244.712,75;35.484,25;1.468.778,75;2.032.393;1.197.491,5;1.197.242;192.558;275.923,5
09.12.2019;00:00;00:00;825.513;246.822,25;783.945;3.621.839;179.929,75;33.740,5;1.441.742;1.786.240;940.633,25;1.116.462,75;202.194,25;287.445,75
16.12.2019;00:00;00:00;832.401,25;239.147;742.211,5;2.727.408;209.291;34.827;1.494.309;1.830.220,25;785.648;1.016.760,5;198.317,25;290.510,75
23.12.2019;00:00;00:00;835.245,25;264.464,5;461.956,25;1.695.939,25;188.283,25;36.057,25;1.499.988,25;1.297.081,25;404.812,75;799.375,75;187.536,25;295.111,5
30.12.2019;00:00;00:00;831.026,75;233.902;781.629;2.841.379;236.738,25;36.280,25;1.347.840,5;1.464.185;443.970,5;829.919,5;207.268,75;284.994,25
06.01.2020;00:00;00:00;829.864,25;233.505;783.947,75;3.116.983,5;189.453,75;36.071,25;1.309.990,5;1.754.106;1.014.620;1.244.625,5;196.694,25;282.561
13.01.2020;00:00;00:00;816.046,75;228.786;826.165,75;3.229.693,75;311.731,75;35.611;1.316.044;1.786.136;812.869,25;1.167.298;232.570,75;286.139,5
20.01.2020;00:00;00:00;837.467,75;233.937;512.194,5;1.027.371,75;277.167,5;36.912;1.353.038;2.366.007,5;1.936.670,25;1.894.022,5;225.782;269.625
27.01.2020;00:00;00:00;823.552;233.230,25;785.839,75;4.653.506,75;222.144,5;34.266;1.232.833,5;1.214.546,75;590.036,75;953.696;246.774,25;280.741,75
03.02.2020;00:00;00:00;823.814;315.126;584.403,75;2.928.278,75;463.909,5;33.729,25;1.277.320,75;1.683.286;818.930,25;1.255.800;228.849,75;256.978
10.02.2020;00:00;00:00;813.088,75;302.858;729.657,75;4.686.541;376.278,25;32.912;1.206.754;1.080.614;551.594;866.431;241.124,75;239.844,5
17.02.2020;00:00;00:00;813.759,75;289.211;893.990;5.156.483,5;412.598,5;31.902,5;1.228.708,75;886.460;412.912,25;769.593,25;239.057,25;220.296
24.02.2020;00:00;00:00;818.193,25;310.418;711.060,75;3.789.307;467.277,5;33.206,25;1.283.724,25;1.267.850,5;540.368,5;1.057.862;240.097,25;242.284
02.03.2020;00:00;00:00;808.602,5;301.950;444.793,75;2.233.949,5;541.893,5;35.205,25;1.335.985,75;1.736.087;993.943,75;1.368.358,75;250.255;265.566,75
09.03.2020;00:00;00:00;799.851,75;308.481,75;762.999;3.829.148;745.572,75;34.009,75;1.266.108,5;1.011.950,75;546.209;922.885,75;243.354,5;249.586,5
16.03.2020;00:00;00:00;805.780;290.960,25;580.600,5;1.885.983,75;1.009.918;31.025,5;1.223.691,25;1.535.837,75;679.902,25;937.484,5;221.651,5;255.044,75
23.03.2020;00:00;00:00;803.884,25;268.720;608.164,25;2.627.773,5;1.363.681,75;32.457,25;1.079.867;1.297.101;334.297,75;671.312,5;237.790;247.220,25
30.03.2020;00:00;00:00;813.330;262.454,25;618.520;1.709.156;1.335.931,25;32.913,5;1.081.025,25;1.349.680;311.226,5;901.588,5;260.401;231.131,75
06.04.2020;00:00;00:00;797.966,5;245.326;250.415,25;1.000.386;1.567.987,5;28.353,25;1.223.607,25;1.092.740;292.421,5;768.697,5;252.529;254.699,5
13.04.2020;00:00;00:00;779.712,5;256.865,75;485.651,25;1.644.249,75;1.449.361,5;28.398,25;1.048.835,75;807.115,75;321.662,75;724.814,5;245.829,75;244.788,25
20.04.2020;00:00;00:00;789.594,75;278.881,25;446.262,25;2.232.820,25;1.693.368,25;27.146,25;1.070.018,25;745.427,75;313.301;656.099,25;279.831,25;243.165,25
27.04.2020;00:00;00:00;788.076,5;302.612;247.326;1.499.485;1.085.315,5;27.965;1.080.438,5;1.091.716,25;318.497,75;836.614,5;236.073,75;246.973
04.05.2020;00:00;00:00;795.375,75;314.750;245.476;923.647,5;1.478.242,75;29.532,75;1.014.519,5;1.198.152,25;317.214,5;1.041.756,75;205.832,25;261.420
11.05.2020;00:00;00:00;801.960,25;351.147,75;553.239,5;1.660.179,5;1.298.392,25;30.734,25;866.078,25;1.002.374,75;424.982;940.479;222.307;267.300,5
18.05.2020;00:00;00:00;790.731,25;323.172,25;449.566,25;1.400.195,5;1.362.257;25.486,5;863.937,5;893.038;361.389,75;866.235,25;248.910;238.813
25.05.2020;00:00;00:00;798.849,25;304.556;221.612,5;1.316.071,5;1.585.784;24.633,5;1.083.799,25;896.412,75;358.490;1.049.912,25;253.516,5;233.902,5
01.06.2020;00:00;00:00;781.267,5;296.282;471.196,75;1.524.925,75;1.341.080,25;25.143;1.296.151,5;912.875,75;298.192,75;949.272,25;221.992,75;182.798,5
08.06.2020;00:00;00:00;732.675;359.233,25;423.277,75;927.995,75;1.113.500;25.090;1.235.741,75;1.255.459,25;281.219,5;1.246.060,25;178.461;171.274,75
15.06.2020;00:00;00:00;728.634,25;385.416,5;142.962,75;765.361,5;1.211.992;25.263,5;1.008.125,25;1.744.354,5;387.482,75;1.391.340;170.334,75;200.383
22.06.2020;00:00;00:00;749.499;378.599,25;231.794,25;1.027.654;1.651.017,5;24.761;880.098,25;1.643.561,75;381.302,25;1.324.703;178.273;174.306,5
29.06.2020;00:00;00:00;749.908;383.662,5;511.928,5;2.343.479,25;1.366.708,25;24.609;832.093,25;1.205.389,25;282.824,75;1.065.181,75;233.098,25;172.283,5
06.07.2020;00:00;00:00;750.419,25;372.035,75;407.029;1.553.447,5;1.349.265,25;24.770;836.459,75;1.355.837,25;405.341,5;1.301.995,75;209.937,5;210.967,25
13.07.2020;00:00;00:00;762.810;354.443,25;99.493;339.128,75;1.342.783,5;25.072,75;949.900;1.663.432,75;526.645;1.453.091;203.483,5;223.448
20.07.2020;00:00;00:00;755.530,75;332.347,5;308.443,5;914.994,5;1.468.778,5;26.740,75;1.083.968;1.520.577,75;256.567;1.410.591,5;201.595,5;254.004,25
27.07.2020;00:00;00:00;745.633,75;310.023,25;516.445,25;1.242.256,5;1.488.511,5;24.608,75;1.065.210,75;1.370.183,75;264.582,5;1.329.526;226.824;243.132,5
03.08.2020;00:00;00:00;745.676;339.310,75;205.410,75;576.505;1.511.251;24.159,75;1.214.993;1.742.592,75;315.019;1.428.400,5;233.257,75;237.959,5
10.08.2020;00:00;00:00;740.091,75;338.164,75;401.297;887.813,5;1.319.621,5;24.084;1.298.742;1.897.867;539.923;1.226.857;229.337,75;237.145,25
17.08.2020;00:00;00:00;735.596,75;321.043;409.686,25;1.298.016,5;1.199.954,25;24.563,5;1.291.949;1.738.495,25;539.757,5;1.047.875,25;235.653,5;219.899,25
24.08.2020;00:00;00:00;747.485,25;292.948;425.268,25;2.032.661,75;955.450,25;24.756,5;1.299.645,25;1.719.366;557.036,25;962.855,5;177.016;221.432,75
31.08.2020;00:00;00:00;747.894;366.496;380.694,75;978.174,25;1.015.200,25;28.992,25;1.326.326,75;1.993.425,75;866.123,5;1.051.376,25;208.340;228.067,5
07.09.2020;00:00;00:00;747.877,5;336.289;586.751;1.150.306,5;1.266.724,25;29.571;1.313.497,5;1.823.508,75;845.371,25;1.042.494,75;190.619,75;229.396,5
14.09.2020;00:00;00:00;744.911;284.205;260.815,75;1.106.370,25;1.331.576,5;29.105,75;1.260.540,75;1.768.839,5;1.022.417,25;1.120.549,75;199.056,5;249.752,75
21.09.2020;00:00;00:00;739.086,25;300.515,75;409.718;1.315.061,5;821.550,75;31.215,5;1.105.532,25;1.648.949;822.137,75;1.145.594,25;213.645,25;248.692
28.09.2020;00:00;00:00;739.416,75;331.283;582.764,25;1.583.414;745.017,25;31.703,5;1.102.478;1.759.857;967.245,75;1.075.154;231.445;251.355,25
05.10.2020;00:00;00:00;752.542,5;327.265,25;766.515,5;2.602.633,75;528.568;31.709,25;1.112.663,5;2.025.471,5;545.492,75;969.574;214.709,5;263.774,5
12.10.2020;00:00;00:00;789.009,75;311.571;437.379,5;1.445.241,75;413.696,5;34.183,75;1.123.859,75;2.395.358;1.256.028,25;1.316.759,75;214.496;271.009,75
19.10.2020;00:00;00:00;799.936,5;281.609;751.038,25;2.664.855;497.256,75;32.706,75;1.182.013,75;2.102.255;828.399,5;909.326;223.739,75;256.743
26.10.2020;00:00;00:00;783.127;317.667,75;788.571,5;3.124.189,75;323.532,5;31.476,75;1.251.034,75;2.011.109,5;473.628,75;747.530,25;191.847,5;269.127,75
02.11.2020;00:00;00:00;767.423,25;306.364,75;544.267,25;1.942.429,75;511.865,75;33.705,5;1.109.463,75;2.271.775;934.598;1.161.693,5;227.411,5;264.961,25
09.11.2020;00:00;00:00;791.926,25;270.460;463.127;1.499.311,25;349.996,75;36.702,5;1.128.061,25;2.292.620,5;1.266.421,75;1.437.742;201.649,5;256.258
16.11.2020;00:00;00:00;778.273,25;245.200,25;857.551;3.367.209,25;327.453,25;36.590,75;1.080.160;1.969.947,25;725.017;1.025.844;190.136;248.195,25
23.11.2020;00:00;00:00;782.015,75;253.393,75;484.278;1.182.889,75;251.381,5;39.174;1.128.105;2.572.516,25;1.718.751,75;1.966.836,5;209.014,75;243.682,75
30.11.2020;00:00;00:00;782.765,25;239.679;559.553,25;1.527.959,75;150.206,25;38.279,5;1.298.555;2.488.404,75;1.621.116,5;1.920.911,5;210.121;254.289,5
07.12.2020;00:00;00:00;789.387;247.276,25;448.974,5;1.038.164,25;107.480,5;37.871;1.348.670,25;2.581.614,5;1.664.834;1.905.617,75;216.286,75;276.078,75
14.12.2020;00:00;00:00;775.976,5;225.185,25;840.723;2.274.446,5;213.215,25;37.257,25;1.319.474,75;2.115.493,25;969.267,25;1.284.105,75;206.915,75;267.121,75
21.12.2020;00:00;00:00;787.985,5;225.011,25;659.089,25;3.161.312,25;146.044,5;33.910,5;1.295.255,75;1.097.438,75;400.630,25;797.919,25;206.960,25;251.109,5
28.12.2020;00:00;00:00;793.214,5;211.084,25;337.175;1.674.719,75;159.739,25;37.961,25;1.330.677;1.699.151;597.597;1.073.953,25;178.645,25;271.935
04.01.2021;00:00;00:00;789.667,5;217.715,75;483.398,5;1.074.987,75;79.413,5;38.205;1.340.445;2.409.738,25;1.519.282,5;1.686.741;217.486,25;276.382,5
11.01.2021;00:00;00:00;784.807,5;215.721;588.842,25;2.423.638;120.483;37.766,25;1.331.288,5;2.331.575,25;1.261.929,5;1.495.043,75;192.830,75;266.632
18.01.2021;00:00;00:00;781.747;219.662;668.329,5;3.537.174,25;187.386;36.829;1.312.397;2.149.492;901.903,75;1.110.343,75;173.330,5;268.820,75
25.01.2021;00:00;00:00;782.666,5;252.281;389.893;1.689.607,5;181.539;37.963,25;1.367.837,75;2.547.754,75;1.178.504,75;1.422.030,75;200.391,5;261.214
01.02.2021;00:00;00:00;782.068;256.925;743.076,75;2.596.136,25;198.207;36.255,75;1.307.138,75;1.945.897,5;938.661,5;1.307.656;197.170,75;253.058,75
08.02.2021;00:00;00:00;774.208,25;290.297;595.389;1.436.205;258.763,25;37.418,5;1.363.447,25;2.335.048,25;1.341.189,75;1.753.403,25;193.965;271.286,75
15.02.2021;00:00;00:00;757.287,25;259.292,5;820.088,25;2.697.427,75;633.502,5;36.178,75;1.328.458,25;1.734.840,75;621.951,75;1.218.154,75;168.299,5;245.965
22.02.2021;00:00;00:00;758.570,5;249.104,5;584.620,5;1.710.261,5;903.005;33.231,75;1.344.490,5;1.671.032,25;448.520,25;1.159.240,5;163.120,75;249.082
01.03.2021;00:00;00:00;782.766,75;250.770,5;311.715;1.085.342,75;933.826,5;35.983,5;1.356.657;2.300.370;798.967,25;1.536.782;186.922,75;264.394,5
08.03.2021;00:00;00:00;771.229,25;244.609,75;672.553;3.559.460,75;720.552,25;34.239;1.293.980,5;1.435.651;730.869,75;1.093.633,75;182.601,25;255.158,5
15.03.2021;00:00;00:00;778.726,25;253.741,25;485.998,25;1.998.552,75;713.638;37.484;1.280.683,5;1.741.728,75;884.730,25;1.345.080,75;166.878,75;248.030,25
22.03.2021;00:00;00:00;743.356,25;231.026;652.479;1.801.618;1.073.551,25;33.625,25;1.092.661;1.734.706,5;818.022;1.331.939,25;181.661,75;269.159,5
29.03.2021;00:00;00:00;770.270;260.930,25;603.027,75;1.618.255,75;1.410.590,25;30.546,25;1.112.467,5;1.188.913,5;447.921,5;924.412,5;211.047,75;257.990
05.04.2021;00:00;00:00;775.530,25;242.512,75;627.341;3.195.443,75;946.789;28.103;1.091.642,75;1.334.667;616.267;960.002,75;191.830,75;250.041,25
12.04.2021;00:00;00:00;774.061,25;238.457;295.081,75;1.188.231,75;1.079.776,5;30.263;1.191.851;2.111.967,25;1.154.892,5;1.612.608;134.034,5;254.223
19.04.2021;00:00;00:00;768.290,75;212.859,5;320.578;1.329.064,5;1.607.440,5;29.190,25;1.305.468,25;1.657.476,5;851.364;1.149.020,25;144.922,5;247.913,5
26.04.2021;00:00;00:00;774.640;254.798;242.691,25;1.278.678,75;1.378.935,75;30.184;1.241.714,75;1.834.080;795.119;1.069.418,25;152.211;254.917,75
03.05.2021;00:00;00:00;772.370,5;302.435;428.681,5;3.114.312,25;1.376.046,5;29.893;1.072.462,25;1.121.675;617.489,75;784.045,75;144.663,25;257.459,5
10.05.2021;00:00;00:00;785.485;364.485,5;137.157;1.177.840;1.142.187;28.499,5;1.107.938,5;1.341.661,75;551.900,5;710.588;138.087;264.255,5
17.05.2021;00:00;00:00;779.219,5;351.659,5;338.069;2.079.807;1.366.846;27.610,75;1.279.636,25;1.139.973,25;517.806;649.524;155.391;253.762
24.05.2021;00:00;00:00;789.357;365.699,25;296.430,25;2.001.756,5;1.429.499,75;25.076,5;1.308.232,75;1.450.136;505.824,5;662.701;139.874,25;219.344
31.05.2021;00:00;00:00;733.720,75;376.476,75;232.324,5;829.613,25;1.690.260,25;24.300,75;1.292.959;1.679.765,25;423.723;752.114;161.127,25;240.939
07.06.2021;00:00;00:00;730.747;397.589;195.778,25;844.110;1.709.920,5;23.488,75;1.197.291,5;1.723.474,75;684.328,25;1.087.782;168.256;242.456,75
14.06.2021;00:00;00:00;696.247,25;385.965,75;286.934,5;891.526,25;1.974.925,75;22.550,25;1.072.651,25;1.890.184,75;798.979,25;1.002.665,5;180.872,75;248.865,5
21.06.2021;00:00;00:00;695.170;390.114,75;172.102,75;549.462,5;1.490.599,75;22.804;1.104.558,5;2.096.764,75;869.428;1.100.289,5;147.055,25;234.053,75
28.06.2021;00:00;00:00;711.872,75;391.644,75;233.586,5;775.983,5;1.351.647,75;23.581,5;1.099.330,5;2.057.082,25;905.595;1.060.924;137.676,5;234.336,25
05.07.2021;00:00;00:00;724.183,25;378.803;232.530;949.726;1.236.357,5;23.191,25;1.168.525,75;1.906.484,25;967.406,75;855.750,75;144.954,5;220.735,5
12.07.2021;00:00;00:00;713.379,25;359.867,5;376.496;974.658,25;1.355.700,25;23.275;1.307.528;1.546.782,75;873.777,5;831.510,25;154.197,5;231.131
19.07.2021;00:00;00:00;719.494,75;366.200,5;207.649,5;592.048,5;1.580.535,25;22.911,25;1.321.178,75;1.560.221,25;831.236;829.231,75;133.164,25;248.229,5
26.07.2021;00:00;00:00;717.443,25;385.052,25;435.950,5;1.849.270,75;1.447.516,25;22.951;1.273.535,25;1.435.764,5;496.028,5;556.378;130.836;247.880
02.08.2021;00:00;00:00;718.707;381.708,75;306.141;1.154.227,25;1.250.102,25;22.462,75;1.306.083,25;1.600.789,5;569.349,5;537.889;145.499,25;246.536
09.08.2021;00:00;00:00;723.867,25;383.920,5;378.445,75;942.825;1.614.572,5;23.438;1.306.617,25;1.749.238,75;476.039;527.644;146.397;243.754,25
16.08.2021;00:00;00:00;722.146;370.685;469.794,75;2.005.789,25;1.013.335;22.780,75;1.293.505,75;1.716.203,5;616.355,25;497.963;131.609,5;244.087,75
23.08.2021;00:00;00:00;730.308;363.043,75;595.021,5;1.498.766,75;991.394,75;23.719,25;1.320.853,75;1.789.583,25;793.825;515.887,25;137.034,25;242.742,5
30.08.2021;00:00;00:00;733.266,25;353.623,5;201.014;822.813,75;1.361.530,5;24.738;1.322.019,25;1.822.537,5;1.307.683,25;670.075;149.803,5;222.590,75
06.09.2021;00:00;00:00;726.889,5;302.940,75;164.987,5;565.014,25;1.333.538,5;22.463,75;1.324.967;1.986.596,25;1.645.703,75;854.694,25;163.164;217.153,25
13.09.2021;00:00;00:00;731.103,5;283.626;346.793,5;888.250;899.400,75;22.739;1.327.617,25;2.178.764,25;1.600.828,75;825.791;155.255,5;218.722,75
20.09.2021;00:00;00:00;737.498,5;241.987,25;372.704;1.496.455,25;964.991,75;25.453,5;1.247.249;2.019.728,25;1.431.826;668.068;164.605,75;230.573,5
27.09.2021;00:00;00:00;737.027,5;217.205,5;694.162;2.461.085;920.804,25;26.796,5;1.031.580,25;1.888.587,75;1.058.255,5;605.420;164.596,25;240.361,25
04.10.2021;00:00;00:00;748.734,25;220.243,25;378.679,5;1.249.712;836.762,75;29.949,5;1.092.906,75;2.132.374;1.296.010,75;752.069;158.097;228.014,5
11.10.2021;00:00;00:00;754.109,25;204.449;719.442,25;1.666.363;656.674,25;29.710,75;1.214.901,25;2.319.400,5;1.469.287,25;768.480;127.016,5;253.149
18.10.2021;00:00;00:00;756.655,25;187.107;749.017;3.438.718,75;676.193;28.228,75;1.263.169,25;1.849.781,5;762.971,5;634.478;182.602,25;221.611,75
25.10.2021;00:00;00:00;777.094;179.125,5;753.138,75;2.410.652,75;631.618;29.302,75;1.313.141,25;2.004.612,5;1.079.734;712.390,75;193.242,75;230.759,25
01.11.2021;00:00;00:00;777.483,5;194.570,25;578.083,25;2.374.573,5;326.414;30.001;1.298.618;1.801.980;1.331.951,75;962.423,75;174.633,25;246.533,5
08.11.2021;00:00;00:00;783.155,5;190.672,75;465.121,5;988.871,5;392.952,75;35.241,75;1.328.192;2.317.729;1.774.130,5;1.349.596,25;179.624,5;264.086,5
15.11.2021;00:00;00:00;774.193,75;192.867,25;681.879;2.146.167;150.727,75;34.412;1.307.679;2.258.477,75;1.539.447,25;1.062.604,5;201.889,75;252.883,25
22.11.2021;00:00;00:00;785.212,75;179.576;639.618,25;1.313.647;216.658,25;34.456,75;1.304.991;2.300.429,75;1.904.652,25;1.467.079,75;198.942,25;283.981
29.11.2021;00:00;00:00;774.781;194.249,75;687.795,25;3.280.847,25;153.324,25;30.883,75;1.272.524,75;2.044.693,25;1.373.559,75;1.065.184;196.393,25;263.272,75
06.12.2021;00:00;00:00;787.864,25;206.584,75;660.029,5;1.726.729;130.778,75;35.975,25;1.291.835,75;2.380.119,5;1.649.282,25;1.392.177,5;181.529,25;274.163,25
13.12.2021;00:00;00:00;783.871,75;204.673;561.496,25;1.709.434;111.054,25;35.814,5;1.276.107;2.172.463,5;1.520.505,25;1.418.646,25;178.179,25;265.880,75
20.12.2021;00:00;00:00;788.331,25;186.486;309.106;1.547.614,25;238.632,25;33.160,5;1.270.029,75;2.402.147,5;1.494.461,25;1.166.551,5;186.220,25;267.091
27.12.2021;00:00;00:00;763.112,75;237.625,75;786.222,75;3.438.764,75;171.986,25;28.020,25;1.009.732,25;1.431.732,75;661.548,75;560.765,75;194.504;247.266,5
03.01.2022;00:00;00:00;762.562;238.986;854.076,25;3.549.799,75;171.203,25;31.629,75;647.478,5;1.998.455;1.341.207,75;854.902,25;186.057;241.293,25
10.01.2022;00:00;00:00;782.687,25;231.942,25;512.258;1.562.592,75;242.353,75;34.746,25;648.614,5;2.324.633,25;1.844.981,5;1.599.791,25;199.133,75;217.427,25
17.01.2022;00:00;00:00;784.688,5;205.635,5;724.747;2.927.110;230.695,75;34.139;677.747,5;2.146.003,25;1.701.147,25;1.351.475,25;185.650,25;245.242,5
24.01.2022;00:00;00:00;786.917;195.540,25;673.304,5;3.420.938,25;248.488,75;32.069,5;674.562,25;1.799.477,25;1.506.528,5;1.320.450,5;201.556;235.611,5
31.01.2022;00:00;00:00;784.965,25;174.541,75;744.287;4.619.095;261.277,25;29.084,5;670.901,75;1.591.180,25;1.081.739,75;1.035.874,75;174.758,25;240.279
07.02.2022;00:00;00:00;790.705,25;181.658,5;776.704,75;3.666.018,5;583.556,75;31.210,25;681.652,25;1.770.811;1.368.613,5;1.032.081,75;149.548,5;246.756,75
14.02.2022;00:00;00:00;777.152;191.585;759.081,25;5.469.902,75;456.933,5;28.291,5;672.711;1.182.458,5;1.029.259,75;807.258,75;183.818,75;237.270,25
21.02.2022;00:00;00:00;783.133,75;186.789,75;693.763,25;4.078.092;772.781,5;29.257;672.322,5;1.865.306;1.283.927,25;811.815,5;193.412,5;250.428
28.02.2022;00:00;00:00;794.050;183.655,25;314.627,75;957.206,75;1.111.233;33.096,25;681.923;2.275.054,75;1.878.073,75;1.222.482,25;185.554,25;271.367,25
07.03.2022;00:00;00:00;786.877;163.847,25;467.893,5;2.275.318,25;1.469.288,25;29.698;673.376,5;1.954.809;1.494.363,75;896.550,5;212.284;260.614
14.03.2022;00:00;00:00;790.367,75;180.517,75;394.930,75;2.191.581,25;989.150,5;29.456,5;669.979;1.977.216,75;1.441.868,25;1.138.318,5;186.070,5;254.449
21.03.2022;00:00;00:00;782.712,25;193.879,5;141.250,5;803.505,5;1.577.560;28.335,75;664.995,75;2.130.826,25;1.672.354,25;1.145.564;173.626;245.976,75
28.03.2022;00:00;00:00;764.709,5;199.796;415.838,5;1.966.127,25;804.723,25;28.371,25;665.501,75;2.173.134,75;1.517.006,5;1.125.864;195.340,5;258.840,5
04.04.2022;00:00;00:00;770.768;212.752,25;693.129;4.527.881;902.955;24.280,5;673.670,5;1.604.859,5;853.276,25;689.223,5;183.465,5;216.759,5
11.04.2022;00:00;00:00;770.178,5;225.068;359.575,75;1.296.615;1.611.762,75;25.792,75;667.748,5;2.018.966,25;968.124,25;786.931,25;197.440,25;246.603,25
18.04.2022;00:00;00:00;768.255,5;209.151,5;506.475;1.921.906,5;1.553.653,5;25.597,75;665.953;1.964.360,25;672.070,25;644.809,5;166.044,5;237.934,5
25.04.2022;00:00;00:00;769.459;223.551,5;128.404,5;584.297,25;1.431.340,75;24.301,75;667.251,25;2.226.991,25;1.220.882,25;976.740;114.388,25;216.029,25
02.05.2022;00:00;00:00;765.069;238.508,75;121.380;482.582;1.599.582,5;20.009,25;585.514,25;2.143.606,75;1.136.160;579.715,25;119.557,5;197.699
09.05.2022;00:00;00:00;749.862,75;270.531;405.144;1.694.070,25;1.876.878;19.315,5;433.780,25;1.850.602;609.708,25;434.850,5;199.234,75;211.252
16.05.2022;00:00;00:00;744.343,5;323.654,25;272.899;1.464.176;1.754.102,75;19.157;430.017;1.839.262,25;715.409,5;457.229,5;189.503,25;208.058,75
23.05.2022;00:00;00:00;747.004,75;317.642,5;672.544,25;2.616.405,25;1.468.657;19.175,75;513.084,5;1.505.777;439.470,75;344.064,25;204.060,75;206.475
30.05.2022;00:00;00:00;759.479,25;299.437,75;176.639,75;844.075,25;1.731.237,25;18.710,75;590.174,25;2.193.362,75;633.023,5;626.199,75;200.264,5;226.917,5
06.06.2022;00:00;00:00;727.370,5;321.468,75;433.690,75;1.224.531,25;1.691.979,5;18.700,25;434.707,5;2.055.257,5;605.574,5;400.460,25;169.147,5;198.713,5
13.06.2022;00:00;00:00;712.837,25;298.609,25;240.453,75;1.080.897,75;2.064.999;18.117,25;443.870;1.995.486,5;811.887;360.865;223.957,75;201.506,5
20.06.2022;00:00;00:00;726.865;301.784;198.991,5;847.168,25;1.760.934,25;17.703,25;504.005,75;2.081.449;1.108.812,75;445.078,5;210.101,25;197.131
27.06.2022;00:00;00:00;721.578;301.370;276.477,25;959.182,25;1.748.244,25;18.400;658.567,25;2.145.608,75;1.090.313,5;735.913,5;206.694,25;184.408,5
04.07.2022;00:00;00:00;731.677;280.746,25;557.729,75;1.774.686,25;1.621.932,5;17.994,75;661.786,25;1.921.248,75;1.029.986,25;583.971,5;233.632,25;197.093,5
11.07.2022;00:00;00:00;732.101,25;237.755,5;353.144,75;1.173.980,25;1.915.484,75;17.368;659.161;1.932.153;966.627,5;903.483,75;231.751,5;215.789,25
18.07.2022;00:00;00:00;715.530,25;259.021,25;372.682,75;858.604;1.905.214,25;17.580,25;661.645,5;2.049.081,5;938.710;1.295.405,5;256.242,25;217.750,75
25.07.2022;00:00;00:00;719.403,5;264.305,25;335.197,75;1.202.046;1.672.175,25;17.854,75;663.210;2.111.184;981.143,5;958.977,75;200.885,5;195.007,5
01.08.2022;00:00;00:00;720.197,5;243.004,25;283.540,75;798.906,25;1.846.813,75;17.510,5;656.264,25;2.139.748,75;1.184.593,75;376.633,25;208.341,75;157.537,75
08.08.2022;00:00;00:00;717.711,5;238.445;92.794,5;865.456,25;2.010.592;18.123,5;666.744,75;1.928.261,75;1.157.125;322.418,25;233.471,5;219.946,25
15.08.2022;00:00;00:00;717.121,25;262.048,25;187.210,25;584.453;1.346.704,25;17.864;665.406,75;1.947.708;1.181.438,25;578.765,5;164.591,25;189.478
22.08.2022;00:00;00:00;722.575,75;249.803;325.042,5;867.464,75;1.467.262,5;17.977,5;666.075,75;2.040.511,5;1.417.740;601.065,5;145.547,5;223.493,75
29.08.2022;00:00;00:00;732.158,75;222.684,5;428.741,75;1.283.294;1.529.599,25;18.604,5;669.934,25;1.990.581;1.376.193,25;609.949;199.778,75;210.167
05.09.2022;00:00;00:00;726.843,5;240.193,25;328.082,75;1.253.174,25;1.178.622,5;18.987,25;669.095;2.153.472,5;1.468.119,25;454.679,25;179.825,75;197.587,5
12.09.2022;00:00;00:00;735.006,75;256.231,5;680.466,75;2.234.128,5;946.969,5;19.090;673.318,75;1.788.003,75;1.159.834,75;396.400,5;213.696,5;207.883,5
19.09.2022;00:00;00:00;759.255,5;257.469,5;359.800,75;734.274;1.147.702,25;19.476,25;680.851,75;2.167.665,25;1.614.269,25;525.140,75;188.783;214.788,5
26.09.2022;00:00;00:00;747.888,5;270.971;515.352;2.111.020;764.395,75;19.699,75;677.149,5;1.853.835,75;1.339.947,5;383.159,25;223.603;211.255,5
03.10.2022;00:00;00:00;731.459,25;310.047,75;689.499;2.250.617,25;1.111.192;19.414,75;672.561,5;1.943.241,75;959.139,5;284.810,75;273.233,25;211.572
10.10.2022;00:00;00:00;711.129,75;259.792;457.611;1.336.705,5;790.023,75;19.302;675.970;2.166.875,75;1.320.603,5;539.447,5;228.961,75;190.515,5
17.10.2022;00:00;00:00;751.740,25;217.318,25;476.195,75;1.708.813,75;701.698,5;19.845,25;578.426;1.951.503,25;863.074,75;631.807,75;212.001,5;200.576
24.10.2022;00:00;00:00;774.663;262.463,5;522.613;2.026.917,5;720.409,25;18.742;460.443,5;1.988.064,75;398.910,75;532.913,25;192.458,25;207.131,5
31.10.2022;00:00;00:00;778.757,25;231.061,25;761.758,25;2.663.284,25;545.414,5;22.785,75;667.162;1.778.403,75;615.241,5;432.132;218.162,25;219.738,5
07.11.2022;00:00;00:00;787.907,25;220.283;714.940,75;2.805.553,75;546.570,75;24.289,25;669.898,75;2.047.682,25;966.468;382.915;234.363,25;208.598
14.11.2022;00:00;00:00;765.980,5;216.864,75;593.154,25;2.365.673;332.918;24.840,5;664.155,5;2.368.980,25;1.651.940,5;490.264,75;254.950;188.566,25
21.11.2022;00:00;00:00;769.429,25;220.740,75;658.493,25;1.890.943;311.274,75;25.344,75;653.212,5;2.317.993,75;1.823.852,25;636.011,5;251.587,75;238.823
28.11.2022;00:00;00:00;766.334;207.914,75;527.653,5;1.034.296,75;96.486,25;29.841;627.434,75;2.364.143,5;2.320.192,75;1.069.830,5;241.467;249.958,5
05.12.2022;00:00;00:00;773.456,5;188.726,5;437.419;812.368,25;124.592,25;31.484,25;621.996,5;2.441.404,25;2.323.812,25;1.174.799,5;233.719,25;263.695,5
12.12.2022;00:00;00:00;801.098;205.200,5;520.523,5;1.016.671;143.365,5;28.014,5;622.861,5;2.470.294,75;2.154.318,75;1.209.612;295.521,5;249.491,25
19.12.2022;00:00;00:00;794.606,5;217.316,75;605.922,25;2.919.702;129.808,75;26.454,5;605.882;1.920.364,5;1.047.397,5;573.010,5;235.720,25;225.948,75
26.12.2022;00:00;00:00;774.880,25;229.825,25;832.457,5;4.486.426;260.167,25;22.231,75;562.545,25;823.450,75;533.191,5;311.209,5;215.011,25;207.338,75
02.01.2023;00:00;00:00;796.467,25;211.999,25;797.490;3.928.421,25;215.856,5;23.631;408.369,5;1.481.022,25;743.031,75;445.158,75;251.349,25;206.395
09.01.2023;00:00;00:00;797.516;234.016,5;777.251,5;5.268.951,5;186.117,75;22.977,75;396.188;1.364.678,75;846.487,75;487.898,75;264.329,75;208.054
16.01.2023;00:00;00:00;809.239,5;232.034,25;517.969,75;2.320.955;230.914,25;26.492,25;407.669;2.236.492,75;1.926.747,75;1.089.233;234.427;212.674,5
23.01.2023;00:00;00:00;818.935;234.525,75;361.527,5;967.174;118.622,5;29.727,75;358.099;2.473.533,75;2.080.321;1.392.692,5;253.814;240.258
30.01.2023;00:00;00:00;801.380,25;201.389,25;516.102,25;4.291.641,25;261.523,25;27.677,5;358.075,25;1.588.360;1.182.122,5;1.049.762,5;189.927;231.895,25
06.02.2023;00:00;00:00;814.065,5;204.230,5;415.505;1.812.526;693.497,25;28.338,25;494.777,75;2.201.869,5;1.825.444,5;1.537.715;211.142,75;236.436,75
13.02.2023;00:00;00:00;809.374,25;197.996,5;338.601;2.602.428;543.104,75;26.985;507.399,25;1.983.032,5;1.522.913;1.216.943,5;179.530;231.687,5
20.02.2023;00:00;00:00;808.675,25;197.433,25;517.492;2.853.054,5;615.480,75;27.078,75;501.729,25;1.905.283,25;1.269.837,75;1.152.551,75;153.551,75;233.256,75
27.02.2023;00:00;00:00;811.712,75;197.711,75;275.432,25;1.476.108,75;912.534,25;32.750;498.367,5;2.219.801,75;1.503.343,5;1.593.159,25;211.814;242.734
06.03.2023;00:00;00:00;793.204,25;199.595;466.551;2.561.166,5;564.708;31.858,5;490.798;1.866.113,75;1.176.451,25;1.407.664,25;241.355,5;222.553
13.03.2023;00:00;00:00;768.822,75;218.424,75;578.427,75;3.018.458,75;1.043.291;27.672,75;482.017,25;1.521.459,5;731.671,75;840.145,25;247.133,75;231.061,75
20.03.2023;00:00;00:00;745.254;216.060;673.889,5;3.279.831,5;824.962,75;23.801,25;472.315,75;1.287.092,75;710.413;853.245,25;244.781;226.284
27.03.2023;00:00;00:00;762.147,25;246.716,25;685.775;3.056.970,25;901.936,25;25.065;471.871,75;1.347.916,75;632.565,25;755.852;284.375,25;222.873
03.04.2023;00:00;00:00;771.018;225.135;240.978;899.065,5;1.464.219,75;26.175,5;460.369,75;1.837.871,25;889.402;990.231;264.760,75;211.359
10.04.2023;00:00;00:00;758.492,25;221.741,25;529.515,25;2.202.732;1.050.124;25.506;373.655,75;1.420.183;567.785,25;759.256,75;231.002,5;217.769,75
17.04.2023;00:00;00:00;727.413,5;240.577,25;373.713;2.366.707;1.351.961,75;25.839;0;1.505.642,25;756.307,75;823.555;248.663;211.206
24.04.2023;00:00;00:00;724.363,5;279.985,25;363.872,25;1.867.898,75;1.345.023,5;24.223,5;0;1.664.813,75;572.063,25;849.777,75;234.895,5;192.578,25
01.05.2023;00:00;00:00;727.560,5;331.654,75;425.515,5;1.462.957;1.678.844,5;22.759;0;1.443.858,5;340.683,5;759.705;218.040,5;209.564,25
08.05.2023;00:00;00:00;729.567,25;351.417,25;255.387,5;1.445.704;1.453.856,25;22.170,5;0;1.474.538,5;576.340,75;836.730,5;230.978,25;193.916,5
15.05.2023;00:00;00:00;729.760,75;342.260;377.234;1.848.612,75;1.715.151,25;21.362,25;0;1.006.924,5;310.514,75;756.167;250.530;202.880,75
22.05.2023;00:00;00:00;708.302,75;355.114,5;368.344,75;1.418.610,75;1.983.443;19.730;0;1.023.921,75;279.652,5;818.614,25;244.597,5;221.997
29.05.2023;00:00;00:00;708.697,5;353.771,5;292.824;1.332.500,5;2.357.652,5;19.294,5;0;715.579,75;238.245,5;745.246,5;211.402,5;177.092
05.06.2023;00:00;00:00;701.793,5;350.215,75;309.442;1.137.679,75;2.133.143;17.213;0;926.997,75;288.419;974.477;223.671,25;158.649,25
12.06.2023;00:00;00:00;692.076,5;329.189,5;241.073,5;1.019.514,25;2.184.713,75;16.581,75;0;1.361.685;428.527,5;881.997,5;193.152;175.607,25
19.06.2023;00:00;00:00;680.503,5;331.576,25;247.414,25;1.019.567,5;1.855.623;15.670;0;1.690.254,75;441.626,25;1.034.370,25;183.110,75;185.217,25
26.06.2023;00:00;00:00;682.329,75;304.049,75;450.264,5;1.769.574,25;1.667.130,5;16.463,25;0;1.323.128,25;431.800,5;915.438,5;152.713,25;195.216
03.07.2023;00:00;00:00;684.889;299.443;448.760,25;2.020.229,75;2.060.791,5;16.666,5;0;1.112.042,75;388.648,5;756.240,5;152.610,5;187.290,75
10.07.2023;00:00;00:00;666.169;301.624,5;396.507,5;1.763.911,25;1.923.476;15.920,75;0;1.168.334,75;290.757,75;968.095,75;168.889;215.313,75
17.07.2023;00:00;00:00;679.360,25;306.218,5;358.421,25;1.391.772,25;1.730.154,25;16.041;0;1.124.586,5;423.355,75;1.011.389,5;160.345,5;230.456,5
24.07.2023;00:00;00:00;684.341;323.473,75;343.281;1.863.005;1.293.893;16.468,75;0;922.094,5;330.678,75;754.372,5;162.173;240.565,25
31.07.2023;00:00;00:00;685.549,75;337.359,75;325.093,75;2.533.011;1.199.585,75;16.666,5;0;654.659;328.244,75;595.496,75;200.672,25;213.434,5
07.08.2023;00:00;00:00;683.970,75;334.218,25;383.883,75;1.842.115,25;1.608.397,25;16.435;0;870.177,5;380.519,25;746.969,5;186.259,5;207.427,5
14.08.2023;00:00;00:00;679.587,75;322.422,75;303.501;648.877;1.736.569,25;16.589,75;0;1.124.403,5;419.372,5;881.288,25;196.909,5;220.417,5
21.08.2023;00:00;00:00;684.446,75;307.907,25;125.611,5;666.885,5;1.506.226,25;16.046;0;1.746.262,5;768.809,25;1.127.504,25;194.143,75;240.718,75
28.08.2023;00:00;00:00;706.475;330.496;175.712,75;823.922;1.233.121;17.121,5;0;1.661.829;576.247;1.014.391;171.790,5;230.500,5
04.09.2023;00:00;00:00;713.904,75;316.342,5;164.605,25;834.634;1.975.496,5;19.104,5;0;1.475.479,5;487.375;951.206;196.221,25;238.157,5
11.09.2023;00:00;00:00;707.932,75;297.595,25;258.393,5;685.256,25;1.554.024,5;21.188,5;0;1.703.688;759.794,75;972.663,5;206.804;238.944,25
18.09.2023;00:00;00:00;710.506;286.906,5;404.297,25;2.522.317,25;1.210.723,75;20.628;0;1.247.567,5;519.754;621.581;215.672,25;247.953,75
25.09.2023;00:00;00:00;740.856,25;261.736;492.511,75;1.153.550,75;1.421.251,25;21.372,75;0;1.542.837,25;675.786,25;764.514,5;212.066;240.329,25
02.10.2023;00:00;00:00;737.716,5;221.020,5;506.728,75;2.916.058,25;1.020.299;22.020,5;0;1.106.284;501.178,25;782.744;225.349,75;246.239,75
09.10.2023;00:00;00:00;714.463,75;218.310;573.950,75;3.142.917,5;825.498;21.725,25;0;1.354.152,25;762.867,5;900.670,5;249.026;254.387,5
16.10.2023;00:00;00:00;697.199,75;209.709,25;588.095,75;2.591.821,5;738.715,5;22.704;0;1.623.633,25;808.386,25;853.363,5;212.298,75;247.070,75
23.10.2023;00:00;00:00;745.883;232.321,5;712.451,5;2.032.939,5;470.587;23.973,5;0;1.907.757;918.819,25;977.843,5;211.978,5;235.877
30.10.2023;00:00;00:00;739.918,5;280.543,75;685.976;3.901.424,5;457.524,25;21.301,75;0;990.382,25;430.124,5;663.762,75;208.790,5;240.690,5
06.11.2023;00:00;00:00;741.006,5;263.646;568.427,25;3.564.072,25;448.342,75;23.938;0;1.711.907,25;605.220,5;913.107;210.218,75;224.671,5
13.11.2023;00:00;00:00;-;-;-;-;-;-;-;-;-;-;-;-
